INSERT INTO pizzas (id, name, description, foto, price, updated_at, number_of_offers) VALUES (1, 'Margherita', 'Pomodoro, mozzarella, basilico fresco', 'https://static.vecteezy.com/ti/vettori-gratis/p3/9900536-illustrazione-grafica-di-pizza-carina-con-stile-cartone-animato-disegno-a-mano-buono-per-ristorante-t-shirt-stampa-adesivo-cafe-logo-emblema-promozione-ecc-vettoriale.jpg', 7.50, '2024-08-21 12:00:00', 4), (2, 'Diavola', 'Pomodoro, mozzarella, salame piccante', 'https://static.vecteezy.com/ti/vettori-gratis/p3/9900536-illustrazione-grafica-di-pizza-carina-con-stile-cartone-animato-disegno-a-mano-buono-per-ristorante-t-shirt-stampa-adesivo-cafe-logo-emblema-promozione-ecc-vettoriale.jpg', 8.50, '2024-08-21 12:00:00', 4), (3, 'Quattro Stagioni', 'Pomodoro, mozzarella, funghi, prosciutto, olive, carciofi', 'https://static.vecteezy.com/ti/vettori-gratis/p3/9900536-illustrazione-grafica-di-pizza-carina-con-stile-cartone-animato-disegno-a-mano-buono-per-ristorante-t-shirt-stampa-adesivo-cafe-logo-emblema-promozione-ecc-vettoriale.jpg', 9.50, '2024-08-21 12:00:00', 4), (4, 'Capricciosa', 'Pomodoro, mozzarella, prosciutto, funghi, olive, carciofi, uovo', 'https://static.vecteezy.com/ti/vettori-gratis/p3/9900536-illustrazione-grafica-di-pizza-carina-con-stile-cartone-animato-disegno-a-mano-buono-per-ristorante-t-shirt-stampa-adesivo-cafe-logo-emblema-promozione-ecc-vettoriale.jpg', 10.00, '2024-08-21 12:00:00', 4), (5, 'Napoli', 'Pomodoro, mozzarella, acciughe, capperi, origano', 'https://static.vecteezy.com/ti/vettori-gratis/p3/9900536-illustrazione-grafica-di-pizza-carina-con-stile-cartone-animato-disegno-a-mano-buono-per-ristorante-t-shirt-stampa-adesivo-cafe-logo-emblema-promozione-ecc-vettoriale.jpg', 8.00, '2024-08-21 12:00:00', 4), (6, 'Quattro Formaggi', 'Mozzarella, gorgonzola, parmigiano, pecorino', 'https://static.vecteezy.com/ti/vettori-gratis/p3/9900536-illustrazione-grafica-di-pizza-carina-con-stile-cartone-animato-disegno-a-mano-buono-per-ristorante-t-shirt-stampa-adesivo-cafe-logo-emblema-promozione-ecc-vettoriale.jpg', 9.00, '2024-08-21 12:00:00', 4), (7, 'Hawaiian', 'Pomodoro, mozzarella, prosciutto, ananas', 'https://static.vecteezy.com/ti/vettori-gratis/p3/9900536-illustrazione-grafica-di-pizza-carina-con-stile-cartone-animato-disegno-a-mano-buono-per-ristorante-t-shirt-stampa-adesivo-cafe-logo-emblema-promozione-ecc-vettoriale.jpg', 8.50, '2024-08-21 12:00:00', 4), (8, 'Ortolana', 'Pomodoro, mozzarella, verdure grigliate', 'https://static.vecteezy.com/ti/vettori-gratis/p3/9900536-illustrazione-grafica-di-pizza-carina-con-stile-cartone-animato-disegno-a-mano-buono-per-ristorante-t-shirt-stampa-adesivo-cafe-logo-emblema-promozione-ecc-vettoriale.jpg', 8.50, '2024-08-21 12:00:00', 4), (9, 'Marinara', 'Pomodoro, aglio, origano, olio d\'oliva', 'https://static.vecteezy.com/ti/vettori-gratis/p3/9900536-illustrazione-grafica-di-pizza-carina-con-stile-cartone-animato-disegno-a-mano-buono-per-ristorante-t-shirt-stampa-adesivo-cafe-logo-emblema-promozione-ecc-vettoriale.jpg', 6.50, '2024-08-21 12:00:00', 4), (10, 'Bufalina', 'Pomodoro, mozzarella di bufala, basilico fresco', 'https://static.vecteezy.com/ti/vettori-gratis/p3/9900536-illustrazione-grafica-di-pizza-carina-con-stile-cartone-animato-disegno-a-mano-buono-per-ristorante-t-shirt-stampa-adesivo-cafe-logo-emblema-promozione-ecc-vettoriale.jpg', 10.50, '2024-08-21 12:00:00', 4);
INSERT INTO offers (id, title, start_offer, end_offer, pizza_id) VALUES (1, 'Red Discount', '2024-09-15', '2024-09-30', 9), (2, '-10%', '2024-09-15', '2024-09-30', 1), (3, 'White Discount', '2024-09-13', '2024-09-27', 6), (4, 'Veggie Discount', '2024-09-10', '2024-09-20', 4), (5, '2x1', '2024-09-15', '2024-10-15', 8), (6, '3x1', '2024-09-15', '2024-10-15', 9), (7, '-5%', '2024-09-15', '2024-10-15', 1), (8, '-15%', '2024-09-15', '2024-10-15', 2), (9, 'Couple Offer', '2024-10-10', '2024-10-20', 10), (10, '-20%', '2024-10-10', '2024-10-20', 7), (11, 'Pizza of the Month', '2024-10-10', '2024-10-20', 6), (12, 'Pizza of the Week', '2024-10-10', '2024-10-20', 5);
INSERT INTO ingredients (id, name) VALUES (1, 'pomodoro'), (2, 'mozzarella'), (3, 'basilico'), (4, 'prosciutto'), (5, 'funghi'), (6, 'olive'), (7, 'uovo'), (8, 'carciofi'), (9, 'salame piccante'), (10, 'ananas'), (11, 'aglio'), (12, 'origano'), (13, 'olio'), (14, 'acciughe'), (15, 'capperi'), (16, 'verdure grigliate'), (17, 'gorgonzola'), (18, 'parmigiano'), (19, 'pecorino');
